"scenario","type_of_poll","date","pollster","geography","sample_size","party","value"
"D","state",2024-04-06,"Progressive Polling","Circuiton",1000,"CC",54
"D","state",2024-04-06,"Progressive Polling","Circuiton",1000,"DGM",471
"D","state",2024-04-06,"Progressive Polling","Circuiton",1000,"PDAL",475
"D","state",2024-04-06,"Progressive Polling","Circuiton",1000,"SSP",0
"D","state",2024-04-09,"Cobolite Coalition Calling","Amperville",2000,"CC",141
"D","state",2024-04-09,"Cobolite Coalition Calling","Amperville",2000,"DGM",380
"D","state",2024-04-09,"Cobolite Coalition Calling","Amperville",2000,"PDAL",1479
"D","state",2024-04-09,"Cobolite Coalition Calling","Amperville",2000,"SSP",0
"D","state",2024-04-10,"Progressive Polling","Voltagea",1000,"CC",92
"D","state",2024-04-10,"Progressive Polling","Voltagea",1000,"DGM",485
"D","state",2024-04-10,"Progressive Polling","Voltagea",1000,"PDAL",423
"D","state",2024-04-10,"Progressive Polling","Voltagea",1000,"SSP",0
"D","state",2024-04-10,"Progressive Polling","Electropolis",1000,"CC",236
"D","state",2024-04-10,"Progressive Polling","Electropolis",1000,"DGM",290
"D","state",2024-04-10,"Progressive Polling","Electropolis",1000,"PDAL",475
"D","state",2024-04-10,"Progressive Polling","Electropolis",1000,"SSP",0
"D","state",2024-04-14,"Cobolite Coalition Calling","Voltagea",2000,"CC",304
"D","state",2024-04-14,"Cobolite Coalition Calling","Voltagea",2000,"DGM",759
"D","state",2024-04-14,"Cobolite Coalition Calling","Voltagea",2000,"PDAL",937
"D","state",2024-04-14,"Cobolite Coalition Calling","Voltagea",2000,"SSP",0
"D","state",2024-04-15,"Cobolite Coalition Calling","Infinitron Peninsula",2000,"CC",908
"D","state",2024-04-15,"Cobolite Coalition Calling","Infinitron Peninsula",2000,"DGM",626
"D","state",2024-04-15,"Cobolite Coalition Calling","Infinitron Peninsula",2000,"PDAL",466
"D","state",2024-04-15,"Cobolite Coalition Calling","Infinitron Peninsula",2000,"SSP",0
"D","state",2024-04-18,"No Province Left Behind","Quantumridge",500,"CC",65
"D","state",2024-04-18,"No Province Left Behind","Quantumridge",500,"DGM",191
"D","state",2024-04-18,"No Province Left Behind","Quantumridge",500,"PDAL",244
"D","state",2024-04-18,"No Province Left Behind","Quantumridge",500,"SSP",0
"D","state",2024-04-19,"Metaflux University","Infoglen",1500,"CC",505
"D","state",2024-04-19,"Metaflux University","Infoglen",1500,"DGM",546
"D","state",2024-04-19,"Metaflux University","Infoglen",1500,"PDAL",450
"D","state",2024-04-19,"Metaflux University","Infoglen",1500,"SSP",0
"D","state",2024-04-19,"Metaflux University","Quantumridge",1500,"CC",212
"D","state",2024-04-19,"Metaflux University","Quantumridge",1500,"DGM",554
"D","state",2024-04-19,"Metaflux University","Quantumridge",1500,"PDAL",734
"D","state",2024-04-19,"Metaflux University","Quantumridge",1500,"SSP",0
"D","state",2024-04-21,"Metaflux University","Byteforge Domain",1500,"CC",550
"D","state",2024-04-21,"Metaflux University","Byteforge Domain",1500,"DGM",241
"D","state",2024-04-21,"Metaflux University","Byteforge Domain",1500,"PDAL",709
"D","state",2024-04-21,"Metaflux University","Byteforge Domain",1500,"SSP",0
"D","state",2024-04-21,"Progressive Polling","Electropolis",1000,"CC",240
"D","state",2024-04-21,"Progressive Polling","Electropolis",1000,"DGM",340
"D","state",2024-04-21,"Progressive Polling","Electropolis",1000,"PDAL",421
"D","state",2024-04-21,"Progressive Polling","Electropolis",1000,"SSP",0
"D","state",2024-04-24,"Metaflux University","Infinitron Peninsula",1500,"CC",444
"D","state",2024-04-24,"Metaflux University","Infinitron Peninsula",1500,"DGM",668
"D","state",2024-04-24,"Metaflux University","Infinitron Peninsula",1500,"PDAL",388
"D","state",2024-04-24,"Metaflux University","Infinitron Peninsula",1500,"SSP",0
"D","state",2024-04-24,"Cobolite Coalition Calling","Electropolis",2000,"CC",812
"D","state",2024-04-24,"Cobolite Coalition Calling","Electropolis",2000,"DGM",585
"D","state",2024-04-24,"Cobolite Coalition Calling","Electropolis",2000,"PDAL",602
"D","state",2024-04-24,"Cobolite Coalition Calling","Electropolis",2000,"SSP",0
"D","state",2024-04-25,"Cobolite Coalition Calling","Electropolis",2000,"CC",900
"D","state",2024-04-25,"Cobolite Coalition Calling","Electropolis",2000,"DGM",570
"D","state",2024-04-25,"Cobolite Coalition Calling","Electropolis",2000,"PDAL",530
"D","state",2024-04-25,"Cobolite Coalition Calling","Electropolis",2000,"SSP",0
"D","state",2024-04-26,"Metaflux University","Byteforge Domain",1500,"CC",538
"D","state",2024-04-26,"Metaflux University","Byteforge Domain",1500,"DGM",263
"D","state",2024-04-26,"Metaflux University","Byteforge Domain",1500,"PDAL",699
"D","state",2024-04-26,"Metaflux University","Byteforge Domain",1500,"SSP",0
"D","state",2024-04-26,"Progressive Polling","Byteforge Domain",1000,"CC",267
"D","state",2024-04-26,"Progressive Polling","Byteforge Domain",1000,"DGM",137
"D","state",2024-04-26,"Progressive Polling","Byteforge Domain",1000,"PDAL",596
"D","state",2024-04-26,"Progressive Polling","Byteforge Domain",1000,"SSP",0
"D","state",2024-04-29,"Dataland Register-Gazette","Infoglen",1500,"CC",447
"D","state",2024-04-29,"Dataland Register-Gazette","Infoglen",1500,"DGM",510
"D","state",2024-04-29,"Dataland Register-Gazette","Infoglen",1500,"PDAL",543
"D","state",2024-04-29,"Dataland Register-Gazette","Infoglen",1500,"SSP",0
"D","state",2024-04-30,"Metaflux University","Byteforge Domain",1500,"CC",550
"D","state",2024-04-30,"Metaflux University","Byteforge Domain",1500,"DGM",218
"D","state",2024-04-30,"Metaflux University","Byteforge Domain",1500,"PDAL",732
"D","state",2024-04-30,"Metaflux University","Byteforge Domain",1500,"SSP",0
"D","state",2024-04-30,"Proudly Paid For Polling","Byteforge Domain",1000,"CC",375
"D","state",2024-04-30,"Proudly Paid For Polling","Byteforge Domain",1000,"DGM",185
"D","state",2024-04-30,"Proudly Paid For Polling","Byteforge Domain",1000,"PDAL",441
"D","state",2024-04-30,"Proudly Paid For Polling","Byteforge Domain",1000,"SSP",0
"D","state",2024-04-30,"Cobolite Coalition Calling","Cortexia",2000,"CC",361
"D","state",2024-04-30,"Cobolite Coalition Calling","Cortexia",2000,"DGM",442
"D","state",2024-04-30,"Cobolite Coalition Calling","Cortexia",2000,"PDAL",565
"D","state",2024-04-30,"Cobolite Coalition Calling","Cortexia",2000,"SSP",632
"D","state",2024-04-30,"Proudly Paid For Polling","Amperville",1000,"CC",32
"D","state",2024-04-30,"Proudly Paid For Polling","Amperville",1000,"DGM",217
"D","state",2024-04-30,"Proudly Paid For Polling","Amperville",1000,"PDAL",751
"D","state",2024-04-30,"Proudly Paid For Polling","Amperville",1000,"SSP",0
"D","state",2024-05-01,"Dataland Register-Gazette","Voltagea",1500,"CC",162
"D","state",2024-05-01,"Dataland Register-Gazette","Voltagea",1500,"DGM",713
"D","state",2024-05-01,"Dataland Register-Gazette","Voltagea",1500,"PDAL",625
"D","state",2024-05-01,"Dataland Register-Gazette","Voltagea",1500,"SSP",0
"D","state",2024-05-01,"Proudly Paid For Polling","Voltagea",1000,"CC",136
"D","state",2024-05-01,"Proudly Paid For Polling","Voltagea",1000,"DGM",453
"D","state",2024-05-01,"Proudly Paid For Polling","Voltagea",1000,"PDAL",411
"D","state",2024-05-01,"Proudly Paid For Polling","Voltagea",1000,"SSP",0
"D","state",2024-05-01,"Dataland Register-Gazette","Cortexia",1500,"CC",199
"D","state",2024-05-01,"Dataland Register-Gazette","Cortexia",1500,"DGM",349
"D","state",2024-05-01,"Dataland Register-Gazette","Cortexia",1500,"PDAL",417
"D","state",2024-05-01,"Dataland Register-Gazette","Cortexia",1500,"SSP",535
"D","state",2024-05-02,"No Province Left Behind","Quantumridge",500,"CC",75
"D","state",2024-05-02,"No Province Left Behind","Quantumridge",500,"DGM",196
"D","state",2024-05-02,"No Province Left Behind","Quantumridge",500,"PDAL",228
"D","state",2024-05-02,"No Province Left Behind","Quantumridge",500,"SSP",0
"D","state",2024-05-03,"Dataland Register-Gazette","Cerebrica",1500,"CC",442
"D","state",2024-05-03,"Dataland Register-Gazette","Cerebrica",1500,"DGM",499
"D","state",2024-05-03,"Dataland Register-Gazette","Cerebrica",1500,"PDAL",419
"D","state",2024-05-03,"Dataland Register-Gazette","Cerebrica",1500,"SSP",140
"D","state",2024-05-03,"Cobolite Coalition Calling","Neuronia",2000,"CC",146
"D","state",2024-05-03,"Cobolite Coalition Calling","Neuronia",2000,"DGM",511
"D","state",2024-05-03,"Cobolite Coalition Calling","Neuronia",2000,"PDAL",325
"D","state",2024-05-03,"Cobolite Coalition Calling","Neuronia",2000,"SSP",1018
"D","state",2024-05-04,"Proudly Paid For Polling","Circuiton",1000,"CC",71
"D","state",2024-05-04,"Proudly Paid For Polling","Circuiton",1000,"DGM",454
"D","state",2024-05-04,"Proudly Paid For Polling","Circuiton",1000,"PDAL",475
"D","state",2024-05-04,"Proudly Paid For Polling","Circuiton",1000,"SSP",0
"D","state",2024-05-04,"Dataland Register-Gazette","Voltagea",1500,"CC",128
"D","state",2024-05-04,"Dataland Register-Gazette","Voltagea",1500,"DGM",646
"D","state",2024-05-04,"Dataland Register-Gazette","Voltagea",1500,"PDAL",726
"D","state",2024-05-04,"Dataland Register-Gazette","Voltagea",1500,"SSP",0
"D","state",2024-05-04,"Progressive Polling","Voltagea",1000,"CC",64
"D","state",2024-05-04,"Progressive Polling","Voltagea",1000,"DGM",467
"D","state",2024-05-04,"Progressive Polling","Voltagea",1000,"PDAL",469
"D","state",2024-05-04,"Progressive Polling","Voltagea",1000,"SSP",0
"D","state",2024-05-06,"Dataland Register-Gazette","Infoglen",1500,"CC",447
"D","state",2024-05-06,"Dataland Register-Gazette","Infoglen",1500,"DGM",530
"D","state",2024-05-06,"Dataland Register-Gazette","Infoglen",1500,"PDAL",523
"D","state",2024-05-06,"Dataland Register-Gazette","Infoglen",1500,"SSP",0
"D","state",2024-05-08,"Progressive Polling","Circuiton",1000,"CC",53
"D","state",2024-05-08,"Progressive Polling","Circuiton",1000,"DGM",498
"D","state",2024-05-08,"Progressive Polling","Circuiton",1000,"PDAL",448
"D","state",2024-05-08,"Progressive Polling","Circuiton",1000,"SSP",0
"D","state",2024-05-08,"No Province Left Behind","Infinitron Peninsula",500,"CC",203
"D","state",2024-05-08,"No Province Left Behind","Infinitron Peninsula",500,"DGM",175
"D","state",2024-05-08,"No Province Left Behind","Infinitron Peninsula",500,"PDAL",122
"D","state",2024-05-08,"No Province Left Behind","Infinitron Peninsula",500,"SSP",0
"D","state",2024-05-09,"Proudly Paid For Polling","Quantumridge",1000,"CC",148
"D","state",2024-05-09,"Proudly Paid For Polling","Quantumridge",1000,"DGM",436
"D","state",2024-05-09,"Proudly Paid For Polling","Quantumridge",1000,"PDAL",416
"D","state",2024-05-09,"Proudly Paid For Polling","Quantumridge",1000,"SSP",0
"D","state",2024-05-09,"Proudly Paid For Polling","Cortexia",1000,"CC",155
"D","state",2024-05-09,"Proudly Paid For Polling","Cortexia",1000,"DGM",247
"D","state",2024-05-09,"Proudly Paid For Polling","Cortexia",1000,"PDAL",341
"D","state",2024-05-09,"Proudly Paid For Polling","Cortexia",1000,"SSP",257
"D","state",2024-05-10,"Dataland Register-Gazette","Cerebrica",1500,"CC",449
"D","state",2024-05-10,"Dataland Register-Gazette","Cerebrica",1500,"DGM",490
"D","state",2024-05-10,"Dataland Register-Gazette","Cerebrica",1500,"PDAL",490
"D","state",2024-05-10,"Dataland Register-Gazette","Cerebrica",1500,"SSP",71
"D","state",2024-05-11,"Proudly Paid For Polling","Cortexia",1000,"CC",143
"D","state",2024-05-11,"Proudly Paid For Polling","Cortexia",1000,"DGM",294
"D","state",2024-05-11,"Proudly Paid For Polling","Cortexia",1000,"PDAL",289
"D","state",2024-05-11,"Proudly Paid For Polling","Cortexia",1000,"SSP",275
"D","state",2024-05-11,"Progressive Polling","Infoglen",1000,"CC",281
"D","state",2024-05-11,"Progressive Polling","Infoglen",1000,"DGM",389
"D","state",2024-05-11,"Progressive Polling","Infoglen",1000,"PDAL",329
"D","state",2024-05-11,"Progressive Polling","Infoglen",1000,"SSP",0
"D","state",2024-05-12,"Synapse Strategies","Cerebrica",1000,"CC",317
"D","state",2024-05-12,"Synapse Strategies","Cerebrica",1000,"DGM",307
"D","state",2024-05-12,"Synapse Strategies","Cerebrica",1000,"PDAL",289
"D","state",2024-05-12,"Synapse Strategies","Cerebrica",1000,"SSP",87
"D","state",2024-05-12,"Cobolite Coalition Calling","Binaryshire",2000,"CC",1765
"D","state",2024-05-12,"Cobolite Coalition Calling","Binaryshire",2000,"DGM",35
"D","state",2024-05-12,"Cobolite Coalition Calling","Binaryshire",2000,"PDAL",200
"D","state",2024-05-12,"Cobolite Coalition Calling","Binaryshire",2000,"SSP",0
"D","state",2024-05-14,"Proudly Paid For Polling","Voltagea",1000,"CC",93
"D","state",2024-05-14,"Proudly Paid For Polling","Voltagea",1000,"DGM",398
"D","state",2024-05-14,"Proudly Paid For Polling","Voltagea",1000,"PDAL",509
"D","state",2024-05-14,"Proudly Paid For Polling","Voltagea",1000,"SSP",0
"D","state",2024-05-15,"Dataland Register-Gazette","Cerebrica",1500,"CC",422
"D","state",2024-05-15,"Dataland Register-Gazette","Cerebrica",1500,"DGM",545
"D","state",2024-05-15,"Dataland Register-Gazette","Cerebrica",1500,"PDAL",435
"D","state",2024-05-15,"Dataland Register-Gazette","Cerebrica",1500,"SSP",98
"D","state",2024-05-16,"Metaflux University","Binaryshire",1500,"CC",1252
"D","state",2024-05-16,"Metaflux University","Binaryshire",1500,"DGM",56
"D","state",2024-05-16,"Metaflux University","Binaryshire",1500,"PDAL",192
"D","state",2024-05-16,"Metaflux University","Binaryshire",1500,"SSP",0
"D","state",2024-05-16,"No Province Left Behind","Infinitron Peninsula",500,"CC",158
"D","state",2024-05-16,"No Province Left Behind","Infinitron Peninsula",500,"DGM",232
"D","state",2024-05-16,"No Province Left Behind","Infinitron Peninsula",500,"PDAL",110
"D","state",2024-05-16,"No Province Left Behind","Infinitron Peninsula",500,"SSP",0
"D","state",2024-05-17,"Proudly Paid For Polling","Circuiton",1000,"CC",66
"D","state",2024-05-17,"Proudly Paid For Polling","Circuiton",1000,"DGM",595
"D","state",2024-05-17,"Proudly Paid For Polling","Circuiton",1000,"PDAL",340
"D","state",2024-05-17,"Proudly Paid For Polling","Circuiton",1000,"SSP",0
"D","state",2024-05-17,"Proudly Paid For Polling","Infinitron Peninsula",1000,"CC",290
"D","state",2024-05-17,"Proudly Paid For Polling","Infinitron Peninsula",1000,"DGM",525
"D","state",2024-05-17,"Proudly Paid For Polling","Infinitron Peninsula",1000,"PDAL",185
"D","state",2024-05-17,"Proudly Paid For Polling","Infinitron Peninsula",1000,"SSP",0
"D","state",2024-05-17,"Dataland Register-Gazette","Infoglen",1500,"CC",342
"D","state",2024-05-17,"Dataland Register-Gazette","Infoglen",1500,"DGM",702
"D","state",2024-05-17,"Dataland Register-Gazette","Infoglen",1500,"PDAL",456
"D","state",2024-05-17,"Dataland Register-Gazette","Infoglen",1500,"SSP",0
"D","state",2024-05-17,"Cobolite Coalition Calling","Voltagea",2000,"CC",330
"D","state",2024-05-17,"Cobolite Coalition Calling","Voltagea",2000,"DGM",987
"D","state",2024-05-17,"Cobolite Coalition Calling","Voltagea",2000,"PDAL",683
"D","state",2024-05-17,"Cobolite Coalition Calling","Voltagea",2000,"SSP",0
"D","state",2024-05-18,"Proudly Paid For Polling","Infoglen",1000,"CC",284
"D","state",2024-05-18,"Proudly Paid For Polling","Infoglen",1000,"DGM",358
"D","state",2024-05-18,"Proudly Paid For Polling","Infoglen",1000,"PDAL",358
"D","state",2024-05-18,"Proudly Paid For Polling","Infoglen",1000,"SSP",0
"D","state",2024-05-18,"No Province Left Behind","Amperville",500,"CC",12
"D","state",2024-05-18,"No Province Left Behind","Amperville",500,"DGM",137
"D","state",2024-05-18,"No Province Left Behind","Amperville",500,"PDAL",351
"D","state",2024-05-18,"No Province Left Behind","Amperville",500,"SSP",0
"D","state",2024-05-18,"Proudly Paid For Polling","Infinitron Peninsula",1000,"CC",307
"D","state",2024-05-18,"Proudly Paid For Polling","Infinitron Peninsula",1000,"DGM",440
"D","state",2024-05-18,"Proudly Paid For Polling","Infinitron Peninsula",1000,"PDAL",253
"D","state",2024-05-18,"Proudly Paid For Polling","Infinitron Peninsula",1000,"SSP",0
"D","state",2024-05-19,"Cobolite Coalition Calling","Infoglen",2000,"CC",888
"D","state",2024-05-19,"Cobolite Coalition Calling","Infoglen",2000,"DGM",588
"D","state",2024-05-19,"Cobolite Coalition Calling","Infoglen",2000,"PDAL",524
"D","state",2024-05-19,"Cobolite Coalition Calling","Infoglen",2000,"SSP",0
"D","state",2024-05-19,"Synapse Strategies","Neuronia",1000,"CC",54
"D","state",2024-05-19,"Synapse Strategies","Neuronia",1000,"DGM",227
"D","state",2024-05-19,"Synapse Strategies","Neuronia",1000,"PDAL",105
"D","state",2024-05-19,"Synapse Strategies","Neuronia",1000,"SSP",614
"D","state",2024-05-20,"No Province Left Behind","Binaryshire",500,"CC",423
"D","state",2024-05-20,"No Province Left Behind","Binaryshire",500,"DGM",13
"D","state",2024-05-20,"No Province Left Behind","Binaryshire",500,"PDAL",64
"D","state",2024-05-20,"No Province Left Behind","Binaryshire",500,"SSP",0
"D","state",2024-05-20,"Dataland Register-Gazette","Cortexia",1500,"CC",255
"D","state",2024-05-20,"Dataland Register-Gazette","Cortexia",1500,"DGM",349
"D","state",2024-05-20,"Dataland Register-Gazette","Cortexia",1500,"PDAL",463
"D","state",2024-05-20,"Dataland Register-Gazette","Cortexia",1500,"SSP",434
"D","state",2024-05-20,"Electropolis Elects","Electropolis",1000,"CC",298
"D","state",2024-05-20,"Electropolis Elects","Electropolis",1000,"DGM",380
"D","state",2024-05-20,"Electropolis Elects","Electropolis",1000,"PDAL",322
"D","state",2024-05-20,"Electropolis Elects","Electropolis",1000,"SSP",0
"D","state",2024-05-20,"Metaflux University","Infinitron Peninsula",1500,"CC",569
"D","state",2024-05-20,"Metaflux University","Infinitron Peninsula",1500,"DGM",592
"D","state",2024-05-20,"Metaflux University","Infinitron Peninsula",1500,"PDAL",339
"D","state",2024-05-20,"Metaflux University","Infinitron Peninsula",1500,"SSP",0
"D","state",2024-05-21,"Dataland Register-Gazette","Cortexia",1500,"CC",280
"D","state",2024-05-21,"Dataland Register-Gazette","Cortexia",1500,"DGM",333
"D","state",2024-05-21,"Dataland Register-Gazette","Cortexia",1500,"PDAL",497
"D","state",2024-05-21,"Dataland Register-Gazette","Cortexia",1500,"SSP",391
"D","state",2024-05-21,"Metaflux University","Quantumridge",1500,"CC",258
"D","state",2024-05-21,"Metaflux University","Quantumridge",1500,"DGM",554
"D","state",2024-05-21,"Metaflux University","Quantumridge",1500,"PDAL",688
"D","state",2024-05-21,"Metaflux University","Quantumridge",1500,"SSP",0
"D","state",2024-05-22,"Proudly Paid For Polling","Cortexia",1000,"CC",206
"D","state",2024-05-22,"Proudly Paid For Polling","Cortexia",1000,"DGM",230
"D","state",2024-05-22,"Proudly Paid For Polling","Cortexia",1000,"PDAL",264
"D","state",2024-05-22,"Proudly Paid For Polling","Cortexia",1000,"SSP",301
"D","state",2024-05-22,"Proudly Paid For Polling","Quantumridge",1000,"CC",190
"D","state",2024-05-22,"Proudly Paid For Polling","Quantumridge",1000,"DGM",363
"D","state",2024-05-22,"Proudly Paid For Polling","Quantumridge",1000,"PDAL",448
"D","state",2024-05-22,"Proudly Paid For Polling","Quantumridge",1000,"SSP",0
"D","state",2024-05-22,"Synapse Strategies","Cortexia",1000,"CC",166
"D","state",2024-05-22,"Synapse Strategies","Cortexia",1000,"DGM",242
"D","state",2024-05-22,"Synapse Strategies","Cortexia",1000,"PDAL",269
"D","state",2024-05-22,"Synapse Strategies","Cortexia",1000,"SSP",323
"D","state",2024-05-23,"Dataland Register-Gazette","Infoglen",1500,"CC",478
"D","state",2024-05-23,"Dataland Register-Gazette","Infoglen",1500,"DGM",507
"D","state",2024-05-23,"Dataland Register-Gazette","Infoglen",1500,"PDAL",515
"D","state",2024-05-23,"Dataland Register-Gazette","Infoglen",1500,"SSP",0
"D","state",2024-05-23,"Proudly Paid For Polling","Byteforge Domain",1000,"CC",450
"D","state",2024-05-23,"Proudly Paid For Polling","Byteforge Domain",1000,"DGM",155
"D","state",2024-05-23,"Proudly Paid For Polling","Byteforge Domain",1000,"PDAL",395
"D","state",2024-05-23,"Proudly Paid For Polling","Byteforge Domain",1000,"SSP",0
"D","state",2024-05-24,"Dataland Register-Gazette","Byteforge Domain",1500,"CC",478
"D","state",2024-05-24,"Dataland Register-Gazette","Byteforge Domain",1500,"DGM",199
"D","state",2024-05-24,"Dataland Register-Gazette","Byteforge Domain",1500,"PDAL",823
"D","state",2024-05-24,"Dataland Register-Gazette","Byteforge Domain",1500,"SSP",0
"D","state",2024-05-24,"Progressive Polling","Cerebrica",1000,"CC",348
"D","state",2024-05-24,"Progressive Polling","Cerebrica",1000,"DGM",313
"D","state",2024-05-24,"Progressive Polling","Cerebrica",1000,"PDAL",262
"D","state",2024-05-24,"Progressive Polling","Cerebrica",1000,"SSP",77
"D","state",2024-05-24,"Metaflux University","Infinitron Peninsula",1500,"CC",626
"D","state",2024-05-24,"Metaflux University","Infinitron Peninsula",1500,"DGM",549
"D","state",2024-05-24,"Metaflux University","Infinitron Peninsula",1500,"PDAL",326
"D","state",2024-05-24,"Metaflux University","Infinitron Peninsula",1500,"SSP",0
"D","state",2024-05-24,"Proudly Paid For Polling","Neuronia",1000,"CC",51
"D","state",2024-05-24,"Proudly Paid For Polling","Neuronia",1000,"DGM",264
"D","state",2024-05-24,"Proudly Paid For Polling","Neuronia",1000,"PDAL",117
"D","state",2024-05-24,"Proudly Paid For Polling","Neuronia",1000,"SSP",568
"D","state",2024-05-25,"Progressive Polling","Circuiton",1000,"CC",87
"D","state",2024-05-25,"Progressive Polling","Circuiton",1000,"DGM",446
"D","state",2024-05-25,"Progressive Polling","Circuiton",1000,"PDAL",467
"D","state",2024-05-25,"Progressive Polling","Circuiton",1000,"SSP",0
"D","state",2024-05-26,"Metaflux University","Binaryshire",1500,"CC",1331
"D","state",2024-05-26,"Metaflux University","Binaryshire",1500,"DGM",30
"D","state",2024-05-26,"Metaflux University","Binaryshire",1500,"PDAL",139
"D","state",2024-05-26,"Metaflux University","Binaryshire",1500,"SSP",0
"D","state",2024-05-27,"Metaflux University","Infinitron Peninsula",1500,"CC",612
"D","state",2024-05-27,"Metaflux University","Infinitron Peninsula",1500,"DGM",539
"D","state",2024-05-27,"Metaflux University","Infinitron Peninsula",1500,"PDAL",349
"D","state",2024-05-27,"Metaflux University","Infinitron Peninsula",1500,"SSP",0
"D","state",2024-05-27,"Cobolite Coalition Calling","Voltagea",2000,"CC",213
"D","state",2024-05-27,"Cobolite Coalition Calling","Voltagea",2000,"DGM",718
"D","state",2024-05-27,"Cobolite Coalition Calling","Voltagea",2000,"PDAL",1069
"D","state",2024-05-27,"Cobolite Coalition Calling","Voltagea",2000,"SSP",0
"D","state",2024-05-28,"Progressive Polling","Byteforge Domain",1000,"CC",384
"D","state",2024-05-28,"Progressive Polling","Byteforge Domain",1000,"DGM",126
"D","state",2024-05-28,"Progressive Polling","Byteforge Domain",1000,"PDAL",491
"D","state",2024-05-28,"Progressive Polling","Byteforge Domain",1000,"SSP",0
"D","state",2024-05-28,"Synapse Strategies","Neuronia",1000,"CC",69
"D","state",2024-05-28,"Synapse Strategies","Neuronia",1000,"DGM",236
"D","state",2024-05-28,"Synapse Strategies","Neuronia",1000,"PDAL",141
"D","state",2024-05-28,"Synapse Strategies","Neuronia",1000,"SSP",554
"D","state",2024-05-29,"Progressive Polling","Byteforge Domain",1000,"CC",337
"D","state",2024-05-29,"Progressive Polling","Byteforge Domain",1000,"DGM",124
"D","state",2024-05-29,"Progressive Polling","Byteforge Domain",1000,"PDAL",539
"D","state",2024-05-29,"Progressive Polling","Byteforge Domain",1000,"SSP",0
"D","state",2024-05-29,"Electropolis Elects","Electropolis",1000,"CC",282
"D","state",2024-05-29,"Electropolis Elects","Electropolis",1000,"DGM",364
"D","state",2024-05-29,"Electropolis Elects","Electropolis",1000,"PDAL",354
"D","state",2024-05-29,"Electropolis Elects","Electropolis",1000,"SSP",0
"D","state",2024-05-29,"Proudly Paid For Polling","Electropolis",1000,"CC",285
"D","state",2024-05-29,"Proudly Paid For Polling","Electropolis",1000,"DGM",429
"D","state",2024-05-29,"Proudly Paid For Polling","Electropolis",1000,"PDAL",285
"D","state",2024-05-29,"Proudly Paid For Polling","Electropolis",1000,"SSP",0
"D","state",2024-05-29,"Proudly Paid For Polling","Infoglen",1000,"CC",284
"D","state",2024-05-29,"Proudly Paid For Polling","Infoglen",1000,"DGM",450
"D","state",2024-05-29,"Proudly Paid For Polling","Infoglen",1000,"PDAL",266
"D","state",2024-05-29,"Proudly Paid For Polling","Infoglen",1000,"SSP",0
"D","state",2024-05-29,"No Province Left Behind","Neuronia",500,"CC",30
"D","state",2024-05-29,"No Province Left Behind","Neuronia",500,"DGM",128
"D","state",2024-05-29,"No Province Left Behind","Neuronia",500,"PDAL",70
"D","state",2024-05-29,"No Province Left Behind","Neuronia",500,"SSP",272
"D","state",2024-05-30,"Synapse Strategies","Neuronia",1000,"CC",47
"D","state",2024-05-30,"Synapse Strategies","Neuronia",1000,"DGM",184
"D","state",2024-05-30,"Synapse Strategies","Neuronia",1000,"PDAL",104
"D","state",2024-05-30,"Synapse Strategies","Neuronia",1000,"SSP",666
"D","state",2024-05-30,"Dataland Register-Gazette","Electropolis",1500,"CC",437
"D","state",2024-05-30,"Dataland Register-Gazette","Electropolis",1500,"DGM",495
"D","state",2024-05-30,"Dataland Register-Gazette","Electropolis",1500,"PDAL",568
"D","state",2024-05-30,"Dataland Register-Gazette","Electropolis",1500,"SSP",0
"D","state",2024-06-01,"Progressive Polling","Byteforge Domain",1000,"CC",315
"D","state",2024-06-01,"Progressive Polling","Byteforge Domain",1000,"DGM",135
"D","state",2024-06-01,"Progressive Polling","Byteforge Domain",1000,"PDAL",551
"D","state",2024-06-01,"Progressive Polling","Byteforge Domain",1000,"SSP",0
"D","state",2024-06-01,"Metaflux University","Infinitron Peninsula",1500,"CC",635
"D","state",2024-06-01,"Metaflux University","Infinitron Peninsula",1500,"DGM",508
"D","state",2024-06-01,"Metaflux University","Infinitron Peninsula",1500,"PDAL",357
"D","state",2024-06-01,"Metaflux University","Infinitron Peninsula",1500,"SSP",0
"D","state",2024-06-01,"Proudly Paid For Polling","Quantumridge",1000,"CC",130
"D","state",2024-06-01,"Proudly Paid For Polling","Quantumridge",1000,"DGM",407
"D","state",2024-06-01,"Proudly Paid For Polling","Quantumridge",1000,"PDAL",463
"D","state",2024-06-01,"Proudly Paid For Polling","Quantumridge",1000,"SSP",0
"D","state",2024-06-01,"Proudly Paid For Polling","Voltagea",1000,"CC",91
"D","state",2024-06-01,"Proudly Paid For Polling","Voltagea",1000,"DGM",407
"D","state",2024-06-01,"Proudly Paid For Polling","Voltagea",1000,"PDAL",502
"D","state",2024-06-01,"Proudly Paid For Polling","Voltagea",1000,"SSP",0
"D","state",2024-06-03,"Progressive Polling","Circuiton",1000,"CC",88
"D","state",2024-06-03,"Progressive Polling","Circuiton",1000,"DGM",436
"D","state",2024-06-03,"Progressive Polling","Circuiton",1000,"PDAL",476
"D","state",2024-06-03,"Progressive Polling","Circuiton",1000,"SSP",0
"D","state",2024-06-04,"Proudly Paid For Polling","Binaryshire",1000,"CC",801
"D","state",2024-06-04,"Proudly Paid For Polling","Binaryshire",1000,"DGM",23
"D","state",2024-06-04,"Proudly Paid For Polling","Binaryshire",1000,"PDAL",176
"D","state",2024-06-04,"Proudly Paid For Polling","Binaryshire",1000,"SSP",0
"D","state",2024-06-04,"Dataland Register-Gazette","Circuiton",1500,"CC",123
"D","state",2024-06-04,"Dataland Register-Gazette","Circuiton",1500,"DGM",668
"D","state",2024-06-04,"Dataland Register-Gazette","Circuiton",1500,"PDAL",709
"D","state",2024-06-04,"Dataland Register-Gazette","Circuiton",1500,"SSP",0
"D","state",2024-06-04,"Proudly Paid For Polling","Neuronia",1000,"CC",56
"D","state",2024-06-04,"Proudly Paid For Polling","Neuronia",1000,"DGM",261
"D","state",2024-06-04,"Proudly Paid For Polling","Neuronia",1000,"PDAL",156
"D","state",2024-06-04,"Proudly Paid For Polling","Neuronia",1000,"SSP",527
"D","state",2024-06-05,"Synapse Strategies","Cerebrica",1000,"CC",312
"D","state",2024-06-05,"Synapse Strategies","Cerebrica",1000,"DGM",328
"D","state",2024-06-05,"Synapse Strategies","Cerebrica",1000,"PDAL",294
"D","state",2024-06-05,"Synapse Strategies","Cerebrica",1000,"SSP",65
"D","state",2024-06-05,"Cobolite Coalition Calling","Voltagea",2000,"CC",318
"D","state",2024-06-05,"Cobolite Coalition Calling","Voltagea",2000,"DGM",906
"D","state",2024-06-05,"Cobolite Coalition Calling","Voltagea",2000,"PDAL",777
"D","state",2024-06-05,"Cobolite Coalition Calling","Voltagea",2000,"SSP",0
"D","state",2024-06-06,"Proudly Paid For Polling","Binaryshire",1000,"CC",863
"D","state",2024-06-06,"Proudly Paid For Polling","Binaryshire",1000,"DGM",12
"D","state",2024-06-06,"Proudly Paid For Polling","Binaryshire",1000,"PDAL",125
"D","state",2024-06-06,"Proudly Paid For Polling","Binaryshire",1000,"SSP",0
"D","state",2024-06-06,"Dataland Register-Gazette","Circuiton",1500,"CC",150
"D","state",2024-06-06,"Dataland Register-Gazette","Circuiton",1500,"DGM",711
"D","state",2024-06-06,"Dataland Register-Gazette","Circuiton",1500,"PDAL",640
"D","state",2024-06-06,"Dataland Register-Gazette","Circuiton",1500,"SSP",0
"D","state",2024-06-07,"No Province Left Behind","Binaryshire",500,"CC",408
"D","state",2024-06-07,"No Province Left Behind","Binaryshire",500,"DGM",15
"D","state",2024-06-07,"No Province Left Behind","Binaryshire",500,"PDAL",78
"D","state",2024-06-07,"No Province Left Behind","Binaryshire",500,"SSP",0
"D","state",2024-06-07,"Proudly Paid For Polling","Byteforge Domain",1000,"CC",403
"D","state",2024-06-07,"Proudly Paid For Polling","Byteforge Domain",1000,"DGM",123
"D","state",2024-06-07,"Proudly Paid For Polling","Byteforge Domain",1000,"PDAL",473
"D","state",2024-06-07,"Proudly Paid For Polling","Byteforge Domain",1000,"SSP",0
"D","state",2024-06-07,"Metaflux University","Infoglen",1500,"CC",493
"D","state",2024-06-07,"Metaflux University","Infoglen",1500,"DGM",533
"D","state",2024-06-07,"Metaflux University","Infoglen",1500,"PDAL",475
"D","state",2024-06-07,"Metaflux University","Infoglen",1500,"SSP",0
"D","regional",2024-04-06,"Big Dataland Surveys","Metaflux Realm",10000,"CC",3078
"D","regional",2024-04-06,"Big Dataland Surveys","Metaflux Realm",10000,"DGM",3485
"D","regional",2024-04-06,"Big Dataland Surveys","Metaflux Realm",10000,"PDAL",3437
"D","regional",2024-04-06,"Big Dataland Surveys","Metaflux Realm",10000,"SSP",0
"D","regional",2024-04-07,"Big Dataland Surveys","Circuit Confederation",10000,"CC",1769
"D","regional",2024-04-07,"Big Dataland Surveys","Circuit Confederation",10000,"DGM",4139
"D","regional",2024-04-07,"Big Dataland Surveys","Circuit Confederation",10000,"PDAL",4092
"D","regional",2024-04-07,"Big Dataland Surveys","Circuit Confederation",10000,"SSP",0
"D","regional",2024-04-15,"Big Dataland Surveys","Synapse Territories",10000,"CC",1862
"D","regional",2024-04-15,"Big Dataland Surveys","Synapse Territories",10000,"DGM",2768
"D","regional",2024-04-15,"Big Dataland Surveys","Synapse Territories",10000,"PDAL",2757
"D","regional",2024-04-15,"Big Dataland Surveys","Synapse Territories",10000,"SSP",2613
"D","regional",2024-04-19,"Big Dataland Surveys","Synapse Territories",10000,"CC",2161
"D","regional",2024-04-19,"Big Dataland Surveys","Synapse Territories",10000,"DGM",2597
"D","regional",2024-04-19,"Big Dataland Surveys","Synapse Territories",10000,"PDAL",2715
"D","regional",2024-04-19,"Big Dataland Surveys","Synapse Territories",10000,"SSP",2527
"D","regional",2024-04-20,"Cobolite Coalition Calling","Synapse Territories",2000,"CC",466
"D","regional",2024-04-20,"Cobolite Coalition Calling","Synapse Territories",2000,"DGM",384
"D","regional",2024-04-20,"Cobolite Coalition Calling","Synapse Territories",2000,"PDAL",570
"D","regional",2024-04-20,"Cobolite Coalition Calling","Synapse Territories",2000,"SSP",580
"D","regional",2024-04-23,"Metaflux University","Metaflux Realm",1500,"CC",444
"D","regional",2024-04-23,"Metaflux University","Metaflux Realm",1500,"DGM",442
"D","regional",2024-04-23,"Metaflux University","Metaflux Realm",1500,"PDAL",615
"D","regional",2024-04-23,"Metaflux University","Metaflux Realm",1500,"SSP",0
"D","regional",2024-04-25,"Metaflux University","Metaflux Realm",1500,"CC",508
"D","regional",2024-04-25,"Metaflux University","Metaflux Realm",1500,"DGM",469
"D","regional",2024-04-25,"Metaflux University","Metaflux Realm",1500,"PDAL",523
"D","regional",2024-04-25,"Metaflux University","Metaflux Realm",1500,"SSP",0
"D","regional",2024-04-25,"Conference Board of Dataland","Synapse Territories",3000,"CC",585
"D","regional",2024-04-25,"Conference Board of Dataland","Synapse Territories",3000,"DGM",772
"D","regional",2024-04-25,"Conference Board of Dataland","Synapse Territories",3000,"PDAL",833
"D","regional",2024-04-25,"Conference Board of Dataland","Synapse Territories",3000,"SSP",810
"D","regional",2024-04-26,"Big Dataland Surveys","Circuit Confederation",10000,"CC",1911
"D","regional",2024-04-26,"Big Dataland Surveys","Circuit Confederation",10000,"DGM",3365
"D","regional",2024-04-26,"Big Dataland Surveys","Circuit Confederation",10000,"PDAL",4725
"D","regional",2024-04-26,"Big Dataland Surveys","Circuit Confederation",10000,"SSP",0
"D","regional",2024-04-30,"Dataland Register-Gazette","Metaflux Realm",1500,"CC",468
"D","regional",2024-04-30,"Dataland Register-Gazette","Metaflux Realm",1500,"DGM",461
"D","regional",2024-04-30,"Dataland Register-Gazette","Metaflux Realm",1500,"PDAL",572
"D","regional",2024-04-30,"Dataland Register-Gazette","Metaflux Realm",1500,"SSP",0
"D","regional",2024-05-01,"Conference Board of Dataland","Metaflux Realm",3000,"CC",1109
"D","regional",2024-05-01,"Conference Board of Dataland","Metaflux Realm",3000,"DGM",847
"D","regional",2024-05-01,"Conference Board of Dataland","Metaflux Realm",3000,"PDAL",1044
"D","regional",2024-05-01,"Conference Board of Dataland","Metaflux Realm",3000,"SSP",0
"D","regional",2024-05-01,"Conference Board of Dataland","Synapse Territories",3000,"CC",639
"D","regional",2024-05-01,"Conference Board of Dataland","Synapse Territories",3000,"DGM",810
"D","regional",2024-05-01,"Conference Board of Dataland","Synapse Territories",3000,"PDAL",787
"D","regional",2024-05-01,"Conference Board of Dataland","Synapse Territories",3000,"SSP",764
"D","regional",2024-05-02,"Conference Board of Dataland","Circuit Confederation",3000,"CC",664
"D","regional",2024-05-02,"Conference Board of Dataland","Circuit Confederation",3000,"DGM",928
"D","regional",2024-05-02,"Conference Board of Dataland","Circuit Confederation",3000,"PDAL",1408
"D","regional",2024-05-02,"Conference Board of Dataland","Circuit Confederation",3000,"SSP",0
"D","regional",2024-05-02,"Proudly Paid For Polling","Synapse Territories",1000,"CC",239
"D","regional",2024-05-02,"Proudly Paid For Polling","Synapse Territories",1000,"DGM",258
"D","regional",2024-05-02,"Proudly Paid For Polling","Synapse Territories",1000,"PDAL",288
"D","regional",2024-05-02,"Proudly Paid For Polling","Synapse Territories",1000,"SSP",215
"D","regional",2024-05-05,"Synapse Strategies","Synapse Territories",1000,"CC",191
"D","regional",2024-05-05,"Synapse Strategies","Synapse Territories",1000,"DGM",242
"D","regional",2024-05-05,"Synapse Strategies","Synapse Territories",1000,"PDAL",276
"D","regional",2024-05-05,"Synapse Strategies","Synapse Territories",1000,"SSP",291
"D","regional",2024-05-07,"Dataland Register-Gazette","Circuit Confederation",1500,"CC",277
"D","regional",2024-05-07,"Dataland Register-Gazette","Circuit Confederation",1500,"DGM",490
"D","regional",2024-05-07,"Dataland Register-Gazette","Circuit Confederation",1500,"PDAL",734
"D","regional",2024-05-07,"Dataland Register-Gazette","Circuit Confederation",1500,"SSP",0
"D","regional",2024-05-08,"Conference Board of Dataland","Circuit Confederation",3000,"CC",572
"D","regional",2024-05-08,"Conference Board of Dataland","Circuit Confederation",3000,"DGM",1057
"D","regional",2024-05-08,"Conference Board of Dataland","Circuit Confederation",3000,"PDAL",1371
"D","regional",2024-05-08,"Conference Board of Dataland","Circuit Confederation",3000,"SSP",0
"D","regional",2024-05-09,"Conference Board of Dataland","Metaflux Realm",3000,"CC",1044
"D","regional",2024-05-09,"Conference Board of Dataland","Metaflux Realm",3000,"DGM",875
"D","regional",2024-05-09,"Conference Board of Dataland","Metaflux Realm",3000,"PDAL",1081
"D","regional",2024-05-09,"Conference Board of Dataland","Metaflux Realm",3000,"SSP",0
"D","regional",2024-05-09,"Big Dataland Surveys","Metaflux Realm",10000,"CC",3020
"D","regional",2024-05-09,"Big Dataland Surveys","Metaflux Realm",10000,"DGM",3557
"D","regional",2024-05-09,"Big Dataland Surveys","Metaflux Realm",10000,"PDAL",3423
"D","regional",2024-05-09,"Big Dataland Surveys","Metaflux Realm",10000,"SSP",0
"D","regional",2024-05-09,"Conference Board of Dataland","Synapse Territories",3000,"CC",631
"D","regional",2024-05-09,"Conference Board of Dataland","Synapse Territories",3000,"DGM",801
"D","regional",2024-05-09,"Conference Board of Dataland","Synapse Territories",3000,"PDAL",841
"D","regional",2024-05-09,"Conference Board of Dataland","Synapse Territories",3000,"SSP",727
"D","regional",2024-05-10,"Cobolite Coalition Calling","Circuit Confederation",2000,"CC",488
"D","regional",2024-05-10,"Cobolite Coalition Calling","Circuit Confederation",2000,"DGM",444
"D","regional",2024-05-10,"Cobolite Coalition Calling","Circuit Confederation",2000,"PDAL",1068
"D","regional",2024-05-10,"Cobolite Coalition Calling","Circuit Confederation",2000,"SSP",0
"D","regional",2024-05-10,"Proudly Paid For Polling","Metaflux Realm",1000,"CC",286
"D","regional",2024-05-10,"Proudly Paid For Polling","Metaflux Realm",1000,"DGM",279
"D","regional",2024-05-10,"Proudly Paid For Polling","Metaflux Realm",1000,"PDAL",435
"D","regional",2024-05-10,"Proudly Paid For Polling","Metaflux Realm",1000,"SSP",0
"D","regional",2024-05-15,"Conference Board of Dataland","Circuit Confederation",3000,"CC",515
"D","regional",2024-05-15,"Conference Board of Dataland","Circuit Confederation",3000,"DGM",1166
"D","regional",2024-05-15,"Conference Board of Dataland","Circuit Confederation",3000,"PDAL",1319
"D","regional",2024-05-15,"Conference Board of Dataland","Circuit Confederation",3000,"SSP",0
"D","regional",2024-05-15,"Conference Board of Dataland","Metaflux Realm",3000,"CC",994
"D","regional",2024-05-15,"Conference Board of Dataland","Metaflux Realm",3000,"DGM",958
"D","regional",2024-05-15,"Conference Board of Dataland","Metaflux Realm",3000,"PDAL",1048
"D","regional",2024-05-15,"Conference Board of Dataland","Metaflux Realm",3000,"SSP",0
"D","regional",2024-05-15,"Conference Board of Dataland","Synapse Territories",3000,"CC",592
"D","regional",2024-05-15,"Conference Board of Dataland","Synapse Territories",3000,"DGM",832
"D","regional",2024-05-15,"Conference Board of Dataland","Synapse Territories",3000,"PDAL",874
"D","regional",2024-05-15,"Conference Board of Dataland","Synapse Territories",3000,"SSP",702
"D","regional",2024-05-15,"Dataland Register-Gazette","Metaflux Realm",1500,"CC",528
"D","regional",2024-05-15,"Dataland Register-Gazette","Metaflux Realm",1500,"DGM",426
"D","regional",2024-05-15,"Dataland Register-Gazette","Metaflux Realm",1500,"PDAL",546
"D","regional",2024-05-15,"Dataland Register-Gazette","Metaflux Realm",1500,"SSP",0
"D","regional",2024-05-16,"Big Dataland Surveys","Synapse Territories",10000,"CC",1709
"D","regional",2024-05-16,"Big Dataland Surveys","Synapse Territories",10000,"DGM",3319
"D","regional",2024-05-16,"Big Dataland Surveys","Synapse Territories",10000,"PDAL",2624
"D","regional",2024-05-16,"Big Dataland Surveys","Synapse Territories",10000,"SSP",2348
"D","regional",2024-05-20,"Metaflux University","Metaflux Realm",1500,"CC",478
"D","regional",2024-05-20,"Metaflux University","Metaflux Realm",1500,"DGM",473
"D","regional",2024-05-20,"Metaflux University","Metaflux Realm",1500,"PDAL",549
"D","regional",2024-05-20,"Metaflux University","Metaflux Realm",1500,"SSP",0
"D","regional",2024-05-24,"Cobolite Coalition Calling","Synapse Territories",2000,"CC",675
"D","regional",2024-05-24,"Cobolite Coalition Calling","Synapse Territories",2000,"DGM",386
"D","regional",2024-05-24,"Cobolite Coalition Calling","Synapse Territories",2000,"PDAL",434
"D","regional",2024-05-24,"Cobolite Coalition Calling","Synapse Territories",2000,"SSP",504
"D","regional",2024-05-28,"Dataland Register-Gazette","Synapse Territories",1500,"CC",326
"D","regional",2024-05-28,"Dataland Register-Gazette","Synapse Territories",1500,"DGM",367
"D","regional",2024-05-28,"Dataland Register-Gazette","Synapse Territories",1500,"PDAL",443
"D","regional",2024-05-28,"Dataland Register-Gazette","Synapse Territories",1500,"SSP",364
"D","regional",2024-05-29,"Dataland Register-Gazette","Metaflux Realm",1500,"CC",503
"D","regional",2024-05-29,"Dataland Register-Gazette","Metaflux Realm",1500,"DGM",442
"D","regional",2024-05-29,"Dataland Register-Gazette","Metaflux Realm",1500,"PDAL",555
"D","regional",2024-05-29,"Dataland Register-Gazette","Metaflux Realm",1500,"SSP",0
"D","regional",2024-05-30,"Dataland Register-Gazette","Circuit Confederation",1500,"CC",278
"D","regional",2024-05-30,"Dataland Register-Gazette","Circuit Confederation",1500,"DGM",537
"D","regional",2024-05-30,"Dataland Register-Gazette","Circuit Confederation",1500,"PDAL",685
"D","regional",2024-05-30,"Dataland Register-Gazette","Circuit Confederation",1500,"SSP",0
"D","regional",2024-05-30,"Cobolite Coalition Calling","Synapse Territories",2000,"CC",393
"D","regional",2024-05-30,"Cobolite Coalition Calling","Synapse Territories",2000,"DGM",422
"D","regional",2024-05-30,"Cobolite Coalition Calling","Synapse Territories",2000,"PDAL",686
"D","regional",2024-05-30,"Cobolite Coalition Calling","Synapse Territories",2000,"SSP",498
"D","regional",2024-05-31,"Proudly Paid For Polling","Metaflux Realm",1000,"CC",383
"D","regional",2024-05-31,"Proudly Paid For Polling","Metaflux Realm",1000,"DGM",300
"D","regional",2024-05-31,"Proudly Paid For Polling","Metaflux Realm",1000,"PDAL",317
"D","regional",2024-05-31,"Proudly Paid For Polling","Metaflux Realm",1000,"SSP",0
"D","regional",2024-06-03,"Proudly Paid For Polling","Metaflux Realm",1000,"CC",307
"D","regional",2024-06-03,"Proudly Paid For Polling","Metaflux Realm",1000,"DGM",269
"D","regional",2024-06-03,"Proudly Paid For Polling","Metaflux Realm",1000,"PDAL",424
"D","regional",2024-06-03,"Proudly Paid For Polling","Metaflux Realm",1000,"SSP",0
"D","national",2024-04-04,"Dataland Daily","National",200,"CC",41
"D","national",2024-04-04,"Dataland Daily","National",200,"DGM",77
"D","national",2024-04-04,"Dataland Daily","National",200,"PDAL",73
"D","national",2024-04-04,"Dataland Daily","National",200,"SSP",9
"D","national",2024-04-04,"Dataland Daily","National",200,"CC",48
"D","national",2024-04-04,"Dataland Daily","National",200,"DGM",61
"D","national",2024-04-04,"Dataland Daily","National",200,"PDAL",77
"D","national",2024-04-04,"Dataland Daily","National",200,"SSP",13
"D","national",2024-04-06,"Dataland Daily","National",200,"CC",43
"D","national",2024-04-06,"Dataland Daily","National",200,"DGM",76
"D","national",2024-04-06,"Dataland Daily","National",200,"PDAL",71
"D","national",2024-04-06,"Dataland Daily","National",200,"SSP",10
"D","national",2024-04-07,"Dataland Daily","National",200,"CC",38
"D","national",2024-04-07,"Dataland Daily","National",200,"DGM",86
"D","national",2024-04-07,"Dataland Daily","National",200,"PDAL",70
"D","national",2024-04-07,"Dataland Daily","National",200,"SSP",6
"D","national",2024-04-07,"Dataland Daily","National",200,"CC",47
"D","national",2024-04-07,"Dataland Daily","National",200,"DGM",72
"D","national",2024-04-07,"Dataland Daily","National",200,"PDAL",72
"D","national",2024-04-07,"Dataland Daily","National",200,"SSP",9
"D","national",2024-04-07,"Big Dataland Surveys","National",10000,"CC",2540
"D","national",2024-04-07,"Big Dataland Surveys","National",10000,"DGM",3822
"D","national",2024-04-07,"Big Dataland Surveys","National",10000,"PDAL",3058
"D","national",2024-04-07,"Big Dataland Surveys","National",10000,"SSP",580
"D","national",2024-04-09,"Dataland Daily","National",200,"CC",35
"D","national",2024-04-09,"Dataland Daily","National",200,"DGM",64
"D","national",2024-04-09,"Dataland Daily","National",200,"PDAL",95
"D","national",2024-04-09,"Dataland Daily","National",200,"SSP",7
"D","national",2024-04-09,"Big Dataland Surveys","National",10000,"CC",2712
"D","national",2024-04-09,"Big Dataland Surveys","National",10000,"DGM",3194
"D","national",2024-04-09,"Big Dataland Surveys","National",10000,"PDAL",3384
"D","national",2024-04-09,"Big Dataland Surveys","National",10000,"SSP",710
"D","national",2024-04-10,"Dataland Daily","National",200,"CC",46
"D","national",2024-04-10,"Dataland Daily","National",200,"DGM",52
"D","national",2024-04-10,"Dataland Daily","National",200,"PDAL",88
"D","national",2024-04-10,"Dataland Daily","National",200,"SSP",13
"D","national",2024-04-10,"No Province Left Behind","National",500,"CC",109
"D","national",2024-04-10,"No Province Left Behind","National",500,"DGM",177
"D","national",2024-04-10,"No Province Left Behind","National",500,"PDAL",179
"D","national",2024-04-10,"No Province Left Behind","National",500,"SSP",36
"D","national",2024-04-10,"Dataland Daily","National",200,"CC",41
"D","national",2024-04-10,"Dataland Daily","National",200,"DGM",71
"D","national",2024-04-10,"Dataland Daily","National",200,"PDAL",81
"D","national",2024-04-10,"Dataland Daily","National",200,"SSP",7
"D","national",2024-04-11,"Dataland Daily","National",200,"CC",42
"D","national",2024-04-11,"Dataland Daily","National",200,"DGM",55
"D","national",2024-04-11,"Dataland Daily","National",200,"PDAL",90
"D","national",2024-04-11,"Dataland Daily","National",200,"SSP",12
"D","national",2024-04-13,"Big Dataland Surveys","National",10000,"CC",2024
"D","national",2024-04-13,"Big Dataland Surveys","National",10000,"DGM",3432
"D","national",2024-04-13,"Big Dataland Surveys","National",10000,"PDAL",3905
"D","national",2024-04-13,"Big Dataland Surveys","National",10000,"SSP",639
"D","national",2024-04-13,"Dataland Daily","National",200,"CC",38
"D","national",2024-04-13,"Dataland Daily","National",200,"DGM",66
"D","national",2024-04-13,"Dataland Daily","National",200,"PDAL",84
"D","national",2024-04-13,"Dataland Daily","National",200,"SSP",12
"D","national",2024-04-14,"Dataland Daily","National",200,"CC",49
"D","national",2024-04-14,"Dataland Daily","National",200,"DGM",70
"D","national",2024-04-14,"Dataland Daily","National",200,"PDAL",73
"D","national",2024-04-14,"Dataland Daily","National",200,"SSP",8
"D","national",2024-04-14,"Dataland Daily","National",200,"CC",24
"D","national",2024-04-14,"Dataland Daily","National",200,"DGM",76
"D","national",2024-04-14,"Dataland Daily","National",200,"PDAL",82
"D","national",2024-04-14,"Dataland Daily","National",200,"SSP",18
"D","national",2024-04-15,"Dataland Daily","National",200,"CC",50
"D","national",2024-04-15,"Dataland Daily","National",200,"DGM",58
"D","national",2024-04-15,"Dataland Daily","National",200,"PDAL",83
"D","national",2024-04-15,"Dataland Daily","National",200,"SSP",9
"D","national",2024-04-16,"Big Dataland Surveys","National",10000,"CC",2265
"D","national",2024-04-16,"Big Dataland Surveys","National",10000,"DGM",3275
"D","national",2024-04-16,"Big Dataland Surveys","National",10000,"PDAL",3868
"D","national",2024-04-16,"Big Dataland Surveys","National",10000,"SSP",592
"D","national",2024-04-17,"Dataland Daily","National",200,"CC",52
"D","national",2024-04-17,"Dataland Daily","National",200,"DGM",64
"D","national",2024-04-17,"Dataland Daily","National",200,"PDAL",73
"D","national",2024-04-17,"Dataland Daily","National",200,"SSP",12
"D","national",2024-04-18,"Dataland Daily","National",200,"CC",36
"D","national",2024-04-18,"Dataland Daily","National",200,"DGM",66
"D","national",2024-04-18,"Dataland Daily","National",200,"PDAL",88
"D","national",2024-04-18,"Dataland Daily","National",200,"SSP",10
"D","national",2024-04-19,"Dataland Daily","National",200,"CC",54
"D","national",2024-04-19,"Dataland Daily","National",200,"DGM",67
"D","national",2024-04-19,"Dataland Daily","National",200,"PDAL",73
"D","national",2024-04-19,"Dataland Daily","National",200,"SSP",6
"D","national",2024-04-20,"Dataland Daily","National",200,"CC",52
"D","national",2024-04-20,"Dataland Daily","National",200,"DGM",75
"D","national",2024-04-20,"Dataland Daily","National",200,"PDAL",65
"D","national",2024-04-20,"Dataland Daily","National",200,"SSP",8
"D","national",2024-04-20,"Dataland Daily","National",200,"CC",47
"D","national",2024-04-20,"Dataland Daily","National",200,"DGM",58
"D","national",2024-04-20,"Dataland Daily","National",200,"PDAL",83
"D","national",2024-04-20,"Dataland Daily","National",200,"SSP",12
"D","national",2024-04-22,"Dataland Daily","National",200,"CC",34
"D","national",2024-04-22,"Dataland Daily","National",200,"DGM",62
"D","national",2024-04-22,"Dataland Daily","National",200,"PDAL",89
"D","national",2024-04-22,"Dataland Daily","National",200,"SSP",15
"D","national",2024-04-22,"Dataland Daily","National",200,"CC",41
"D","national",2024-04-22,"Dataland Daily","National",200,"DGM",73
"D","national",2024-04-22,"Dataland Daily","National",200,"PDAL",75
"D","national",2024-04-22,"Dataland Daily","National",200,"SSP",12
"D","national",2024-04-23,"Dataland Daily","National",200,"CC",28
"D","national",2024-04-23,"Dataland Daily","National",200,"DGM",75
"D","national",2024-04-23,"Dataland Daily","National",200,"PDAL",89
"D","national",2024-04-23,"Dataland Daily","National",200,"SSP",8
"D","national",2024-04-25,"Dataland Daily","National",200,"CC",40
"D","national",2024-04-25,"Dataland Daily","National",200,"DGM",64
"D","national",2024-04-25,"Dataland Daily","National",200,"PDAL",79
"D","national",2024-04-25,"Dataland Daily","National",200,"SSP",17
"D","national",2024-04-26,"Dataland Daily","National",200,"CC",43
"D","national",2024-04-26,"Dataland Daily","National",200,"DGM",93
"D","national",2024-04-26,"Dataland Daily","National",200,"PDAL",53
"D","national",2024-04-26,"Dataland Daily","National",200,"SSP",12
"D","national",2024-04-26,"Dataland Daily","National",200,"CC",51
"D","national",2024-04-26,"Dataland Daily","National",200,"DGM",75
"D","national",2024-04-26,"Dataland Daily","National",200,"PDAL",65
"D","national",2024-04-26,"Dataland Daily","National",200,"SSP",9
"D","national",2024-04-28,"Dataland Daily","National",200,"CC",32
"D","national",2024-04-28,"Dataland Daily","National",200,"DGM",69
"D","national",2024-04-28,"Dataland Daily","National",200,"PDAL",90
"D","national",2024-04-28,"Dataland Daily","National",200,"SSP",9
"D","national",2024-04-28,"Dataland Daily","National",200,"CC",38
"D","national",2024-04-28,"Dataland Daily","National",200,"DGM",78
"D","national",2024-04-28,"Dataland Daily","National",200,"PDAL",73
"D","national",2024-04-28,"Dataland Daily","National",200,"SSP",11
"D","national",2024-04-29,"Dataland Daily","National",200,"CC",54
"D","national",2024-04-29,"Dataland Daily","National",200,"DGM",57
"D","national",2024-04-29,"Dataland Daily","National",200,"PDAL",77
"D","national",2024-04-29,"Dataland Daily","National",200,"SSP",11
"D","national",2024-04-30,"Dataland Daily","National",200,"CC",42
"D","national",2024-04-30,"Dataland Daily","National",200,"DGM",66
"D","national",2024-04-30,"Dataland Daily","National",200,"PDAL",78
"D","national",2024-04-30,"Dataland Daily","National",200,"SSP",14
"D","national",2024-05-02,"Dataland Daily","National",200,"CC",53
"D","national",2024-05-02,"Dataland Daily","National",200,"DGM",59
"D","national",2024-05-02,"Dataland Daily","National",200,"PDAL",72
"D","national",2024-05-02,"Dataland Daily","National",200,"SSP",16
"D","national",2024-05-02,"Dataland Daily","National",200,"CC",35
"D","national",2024-05-02,"Dataland Daily","National",200,"DGM",91
"D","national",2024-05-02,"Dataland Daily","National",200,"PDAL",57
"D","national",2024-05-02,"Dataland Daily","National",200,"SSP",16
"D","national",2024-05-02,"Proudly Paid For Polling","National",1000,"CC",186
"D","national",2024-05-02,"Proudly Paid For Polling","National",1000,"DGM",346
"D","national",2024-05-02,"Proudly Paid For Polling","National",1000,"PDAL",410
"D","national",2024-05-02,"Proudly Paid For Polling","National",1000,"SSP",58
"D","national",2024-05-03,"Proudly Paid For Polling","National",1000,"CC",216
"D","national",2024-05-03,"Proudly Paid For Polling","National",1000,"DGM",261
"D","national",2024-05-03,"Proudly Paid For Polling","National",1000,"PDAL",477
"D","national",2024-05-03,"Proudly Paid For Polling","National",1000,"SSP",46
"D","national",2024-05-04,"Dataland Daily","National",200,"CC",57
"D","national",2024-05-04,"Dataland Daily","National",200,"DGM",49
"D","national",2024-05-04,"Dataland Daily","National",200,"PDAL",84
"D","national",2024-05-04,"Dataland Daily","National",200,"SSP",10
"D","national",2024-05-04,"Dataland Daily","National",200,"CC",43
"D","national",2024-05-04,"Dataland Daily","National",200,"DGM",56
"D","national",2024-05-04,"Dataland Daily","National",200,"PDAL",82
"D","national",2024-05-04,"Dataland Daily","National",200,"SSP",19
"D","national",2024-05-06,"Dataland Daily","National",200,"CC",61
"D","national",2024-05-06,"Dataland Daily","National",200,"DGM",72
"D","national",2024-05-06,"Dataland Daily","National",200,"PDAL",54
"D","national",2024-05-06,"Dataland Daily","National",200,"SSP",13
"D","national",2024-05-06,"Dataland Daily","National",200,"CC",25
"D","national",2024-05-06,"Dataland Daily","National",200,"DGM",88
"D","national",2024-05-06,"Dataland Daily","National",200,"PDAL",64
"D","national",2024-05-06,"Dataland Daily","National",200,"SSP",23
"D","national",2024-05-07,"Dataland Daily","National",200,"CC",39
"D","national",2024-05-07,"Dataland Daily","National",200,"DGM",70
"D","national",2024-05-07,"Dataland Daily","National",200,"PDAL",85
"D","national",2024-05-07,"Dataland Daily","National",200,"SSP",6
"D","national",2024-05-09,"Dataland Daily","National",200,"CC",44
"D","national",2024-05-09,"Dataland Daily","National",200,"DGM",73
"D","national",2024-05-09,"Dataland Daily","National",200,"PDAL",71
"D","national",2024-05-09,"Dataland Daily","National",200,"SSP",12
"D","national",2024-05-10,"Dataland Daily","National",200,"CC",36
"D","national",2024-05-10,"Dataland Daily","National",200,"DGM",72
"D","national",2024-05-10,"Dataland Daily","National",200,"PDAL",79
"D","national",2024-05-10,"Dataland Daily","National",200,"SSP",13
"D","national",2024-05-10,"Dataland Daily","National",200,"CC",35
"D","national",2024-05-10,"Dataland Daily","National",200,"DGM",71
"D","national",2024-05-10,"Dataland Daily","National",200,"PDAL",81
"D","national",2024-05-10,"Dataland Daily","National",200,"SSP",14
"D","national",2024-05-10,"Cobolite Coalition Calling","National",2000,"CC",548
"D","national",2024-05-10,"Cobolite Coalition Calling","National",2000,"DGM",633
"D","national",2024-05-10,"Cobolite Coalition Calling","National",2000,"PDAL",699
"D","national",2024-05-10,"Cobolite Coalition Calling","National",2000,"SSP",120
"D","national",2024-05-12,"Proudly Paid For Polling","National",1000,"CC",240
"D","national",2024-05-12,"Proudly Paid For Polling","National",1000,"DGM",386
"D","national",2024-05-12,"Proudly Paid For Polling","National",1000,"PDAL",320
"D","national",2024-05-12,"Proudly Paid For Polling","National",1000,"SSP",54
"D","national",2024-05-12,"Dataland Daily","National",200,"CC",40
"D","national",2024-05-12,"Dataland Daily","National",200,"DGM",76
"D","national",2024-05-12,"Dataland Daily","National",200,"PDAL",76
"D","national",2024-05-12,"Dataland Daily","National",200,"SSP",9
"D","national",2024-05-13,"Dataland Daily","National",200,"CC",50
"D","national",2024-05-13,"Dataland Daily","National",200,"DGM",56
"D","national",2024-05-13,"Dataland Daily","National",200,"PDAL",84
"D","national",2024-05-13,"Dataland Daily","National",200,"SSP",10
"D","national",2024-05-13,"Dataland Daily","National",200,"CC",43
"D","national",2024-05-13,"Dataland Daily","National",200,"DGM",59
"D","national",2024-05-13,"Dataland Daily","National",200,"PDAL",92
"D","national",2024-05-13,"Dataland Daily","National",200,"SSP",6
"D","national",2024-05-14,"Proudly Paid For Polling","National",1000,"CC",208
"D","national",2024-05-14,"Proudly Paid For Polling","National",1000,"DGM",296
"D","national",2024-05-14,"Proudly Paid For Polling","National",1000,"PDAL",428
"D","national",2024-05-14,"Proudly Paid For Polling","National",1000,"SSP",67
"D","national",2024-05-15,"Dataland Daily","National",200,"CC",35
"D","national",2024-05-15,"Dataland Daily","National",200,"DGM",77
"D","national",2024-05-15,"Dataland Daily","National",200,"PDAL",65
"D","national",2024-05-15,"Dataland Daily","National",200,"SSP",23
"D","national",2024-05-15,"Dataland Daily","National",200,"CC",43
"D","national",2024-05-15,"Dataland Daily","National",200,"DGM",77
"D","national",2024-05-15,"Dataland Daily","National",200,"PDAL",63
"D","national",2024-05-15,"Dataland Daily","National",200,"SSP",17
"D","national",2024-05-16,"Dataland Daily","National",200,"CC",42
"D","national",2024-05-16,"Dataland Daily","National",200,"DGM",82
"D","national",2024-05-16,"Dataland Daily","National",200,"PDAL",64
"D","national",2024-05-16,"Dataland Daily","National",200,"SSP",11
"D","national",2024-05-18,"Dataland Daily","National",200,"CC",43
"D","national",2024-05-18,"Dataland Daily","National",200,"DGM",76
"D","national",2024-05-18,"Dataland Daily","National",200,"PDAL",64
"D","national",2024-05-18,"Dataland Daily","National",200,"SSP",17
"D","national",2024-05-18,"Dataland Daily","National",200,"CC",44
"D","national",2024-05-18,"Dataland Daily","National",200,"DGM",68
"D","national",2024-05-18,"Dataland Daily","National",200,"PDAL",71
"D","national",2024-05-18,"Dataland Daily","National",200,"SSP",17
"D","national",2024-05-18,"Dataland Register-Gazette","National",1500,"CC",329
"D","national",2024-05-18,"Dataland Register-Gazette","National",1500,"DGM",496
"D","national",2024-05-18,"Dataland Register-Gazette","National",1500,"PDAL",582
"D","national",2024-05-18,"Dataland Register-Gazette","National",1500,"SSP",93
"D","national",2024-05-19,"Dataland Daily","National",200,"CC",39
"D","national",2024-05-19,"Dataland Daily","National",200,"DGM",78
"D","national",2024-05-19,"Dataland Daily","National",200,"PDAL",73
"D","national",2024-05-19,"Dataland Daily","National",200,"SSP",11
"D","national",2024-05-19,"Proudly Paid For Polling","National",1000,"CC",189
"D","national",2024-05-19,"Proudly Paid For Polling","National",1000,"DGM",287
"D","national",2024-05-19,"Proudly Paid For Polling","National",1000,"PDAL",453
"D","national",2024-05-19,"Proudly Paid For Polling","National",1000,"SSP",71
"D","national",2024-05-20,"Dataland Daily","National",200,"CC",47
"D","national",2024-05-20,"Dataland Daily","National",200,"DGM",62
"D","national",2024-05-20,"Dataland Daily","National",200,"PDAL",84
"D","national",2024-05-20,"Dataland Daily","National",200,"SSP",7
"D","national",2024-05-21,"Dataland Daily","National",200,"CC",32
"D","national",2024-05-21,"Dataland Daily","National",200,"DGM",82
"D","national",2024-05-21,"Dataland Daily","National",200,"PDAL",67
"D","national",2024-05-21,"Dataland Daily","National",200,"SSP",20
"D","national",2024-05-22,"Dataland Daily","National",200,"CC",67
"D","national",2024-05-22,"Dataland Daily","National",200,"DGM",59
"D","national",2024-05-22,"Dataland Daily","National",200,"PDAL",66
"D","national",2024-05-22,"Dataland Daily","National",200,"SSP",8
"D","national",2024-05-22,"Dataland Register-Gazette","National",1500,"CC",390
"D","national",2024-05-22,"Dataland Register-Gazette","National",1500,"DGM",403
"D","national",2024-05-22,"Dataland Register-Gazette","National",1500,"PDAL",608
"D","national",2024-05-22,"Dataland Register-Gazette","National",1500,"SSP",99
"D","national",2024-05-23,"Dataland Daily","National",200,"CC",39
"D","national",2024-05-23,"Dataland Daily","National",200,"DGM",75
"D","national",2024-05-23,"Dataland Daily","National",200,"PDAL",66
"D","national",2024-05-23,"Dataland Daily","National",200,"SSP",20
"D","national",2024-05-24,"Dataland Daily","National",200,"CC",46
"D","national",2024-05-24,"Dataland Daily","National",200,"DGM",74
"D","national",2024-05-24,"Dataland Daily","National",200,"PDAL",61
"D","national",2024-05-24,"Dataland Daily","National",200,"SSP",19
"D","national",2024-05-26,"Dataland Daily","National",200,"CC",46
"D","national",2024-05-26,"Dataland Daily","National",200,"DGM",67
"D","national",2024-05-26,"Dataland Daily","National",200,"PDAL",72
"D","national",2024-05-26,"Dataland Daily","National",200,"SSP",15
"D","national",2024-05-26,"Dataland Daily","National",200,"CC",48
"D","national",2024-05-26,"Dataland Daily","National",200,"DGM",66
"D","national",2024-05-26,"Dataland Daily","National",200,"PDAL",74
"D","national",2024-05-26,"Dataland Daily","National",200,"SSP",12
"D","national",2024-05-28,"Dataland Daily","National",200,"CC",38
"D","national",2024-05-28,"Dataland Daily","National",200,"DGM",52
"D","national",2024-05-28,"Dataland Daily","National",200,"PDAL",100
"D","national",2024-05-28,"Dataland Daily","National",200,"SSP",10
"D","national",2024-05-28,"Dataland Daily","National",200,"CC",45
"D","national",2024-05-28,"Dataland Daily","National",200,"DGM",64
"D","national",2024-05-28,"Dataland Daily","National",200,"PDAL",79
"D","national",2024-05-28,"Dataland Daily","National",200,"SSP",12
"D","national",2024-05-30,"Dataland Daily","National",200,"CC",47
"D","national",2024-05-30,"Dataland Daily","National",200,"DGM",63
"D","national",2024-05-30,"Dataland Daily","National",200,"PDAL",84
"D","national",2024-05-30,"Dataland Daily","National",200,"SSP",6
"D","national",2024-05-30,"Dataland Daily","National",200,"CC",28
"D","national",2024-05-30,"Dataland Daily","National",200,"DGM",78
"D","national",2024-05-30,"Dataland Daily","National",200,"PDAL",79
"D","national",2024-05-30,"Dataland Daily","National",200,"SSP",15
"D","national",2024-05-31,"Dataland Daily","National",200,"CC",30
"D","national",2024-05-31,"Dataland Daily","National",200,"DGM",73
"D","national",2024-05-31,"Dataland Daily","National",200,"PDAL",84
"D","national",2024-05-31,"Dataland Daily","National",200,"SSP",14
"D","national",2024-06-01,"Dataland Daily","National",200,"CC",38
"D","national",2024-06-01,"Dataland Daily","National",200,"DGM",67
"D","national",2024-06-01,"Dataland Daily","National",200,"PDAL",82
"D","national",2024-06-01,"Dataland Daily","National",200,"SSP",13
"D","national",2024-06-02,"Dataland Daily","National",200,"CC",36
"D","national",2024-06-02,"Dataland Daily","National",200,"DGM",74
"D","national",2024-06-02,"Dataland Daily","National",200,"PDAL",74
"D","national",2024-06-02,"Dataland Daily","National",200,"SSP",16
"D","national",2024-06-03,"Cobolite Coalition Calling","National",2000,"CC",795
"D","national",2024-06-03,"Cobolite Coalition Calling","National",2000,"DGM",391
"D","national",2024-06-03,"Cobolite Coalition Calling","National",2000,"PDAL",704
"D","national",2024-06-03,"Cobolite Coalition Calling","National",2000,"SSP",111
"D","national",2024-06-03,"No Province Left Behind","National",500,"CC",107
"D","national",2024-06-03,"No Province Left Behind","National",500,"DGM",184
"D","national",2024-06-03,"No Province Left Behind","National",500,"PDAL",183
"D","national",2024-06-03,"No Province Left Behind","National",500,"SSP",26
"D","national",2024-06-04,"Dataland Daily","National",200,"CC",32
"D","national",2024-06-04,"Dataland Daily","National",200,"DGM",64
"D","national",2024-06-04,"Dataland Daily","National",200,"PDAL",90
"D","national",2024-06-04,"Dataland Daily","National",200,"SSP",14
"D","national",2024-06-05,"Dataland Daily","National",200,"CC",50
"D","national",2024-06-05,"Dataland Daily","National",200,"DGM",76
"D","national",2024-06-05,"Dataland Daily","National",200,"PDAL",59
"D","national",2024-06-05,"Dataland Daily","National",200,"SSP",15
"D","national",2024-06-06,"Dataland Daily","National",200,"CC",49
"D","national",2024-06-06,"Dataland Daily","National",200,"DGM",81
"D","national",2024-06-06,"Dataland Daily","National",200,"PDAL",63
"D","national",2024-06-06,"Dataland Daily","National",200,"SSP",6
"D","national",2024-06-06,"Dataland Register-Gazette","National",1500,"CC",351
"D","national",2024-06-06,"Dataland Register-Gazette","National",1500,"DGM",418
"D","national",2024-06-06,"Dataland Register-Gazette","National",1500,"PDAL",643
"D","national",2024-06-06,"Dataland Register-Gazette","National",1500,"SSP",88
"D","national",2024-06-06,"Dataland Daily","National",200,"CC",61
"D","national",2024-06-06,"Dataland Daily","National",200,"DGM",61
"D","national",2024-06-06,"Dataland Daily","National",200,"PDAL",67
"D","national",2024-06-06,"Dataland Daily","National",200,"SSP",10
